RIC,CompanyName
A32.HNO,32 JSC
AAA.HM,An Phat Bioplastics JSC
AAM.HM,Mekong Fisheries JSC
AAS.HNO,Smart Invest Securities JSC
AAT.HM,Tien Son Thanh Hoa JSC
AAV.HN,Viet Tien Son Real Estate Holding Co
ABB.HNO,An Binh Commercial Joint Stock Bank
ABC.HNO,VMG Media JSC
ABI.HNO,Agriculture Bank Insurance Joint Stock Corp
ABR.HNO,Viet Brand Invest JSC
ABS.HM,Binhthuan Agriculture Services JSC
ABT.HN,Bentre Aquaproduct Import and Export JSC
ACB.HM,Asia Commercial Joint Stock Bank
ACC.HM,ACC Binh Duong Investment and Construction JSC
ACE.HNO,An Giang Centrifugal Concrete JSC
ACL.HM,Cuulong Fish JSC
ACM.HN,A Cuong Mineral Group JSC
ACS.HNO,Architects & Construction Service Corp
ACV.HNO,Airports Corp Of Viet Nam
ADC.HN,Art Design & Communication JSC
ADG.HM,Clever Group Corp
ADP.HNO,A Dong Paint JSC
ADS.HM,Damsan JSC
AFX.HNO,An Giang Agriculture And Foods Import-export JSC
AG1.HNO,28.1 JSC
AGF.HNO,An Giang Fisheries Import & Export JSC
AGG.HM,An Gia Real Estate Investment and Development Corp
AGM.HM,An Giang Import Export Co
AGP.HNO,Agimexpharm Pharmaceutical JSC
AGR.HM,Agribank Securities Joint-Stock Corp
AGX.HNO,Sai Gon Export Foodstuffs And Agricultural Products JSC
AIC.HNO,Vietnam National Aviation Insurance Corp
ALT.HN,Alta Co
ALV.HNO,Alvico Construction JSC
AMC.HN,Asia Mineral JSC
AMD.HM,FLC Stone Mining and Investment JSC
AME.HN,Alphanam E&c JSC
AMP.HNO,Armephaco JSC
AMS.HNO,AMECC Mechanical Construction JSC
AMV.HN,American Vietnamese Biotech Inc
ANT.HNO,An Giang Fruit-vegetables & Foodstuff JSC
ANV.HM,Nam Viet Corp
APC.HM,An Phu Irradiation JSC
APF.HNO,Quang Ngai Agricultural Products and Foodstuff JSC
APG.HM,APG Securities Joint Stock Co
APH.HM,An Phat Holdings JSC
API.HN,Asia Pacific Investment JSC
APL.HNO,VVMI-mechanical And Pressure Equipment JSC
APP.HN,Additives and Petroleum Products JSC
APS.HN,Asia Pacific Securities JSC
APT.HNO,Saigon aquatic products trading JSC
AQN.HNO,28 Quang Ngai JSC
ARM.HN,General Aviation Import Export JSC
ART.HN,BOS Securities JSC
ASA.HNO,Asa JSC
ASG.HN,ASG Corp
ASM.HM,Sao Mai Group Corp
ASP.HM,An Pha Petroleum Group JSC
AST.HM,Taseco Air Services JSC
ATA.HNO,NTACO Corp
ATB.HNO,An Thinh JSC
ATD.HNO,28 Danang JSC
ATG.HNO,An Truong An JSC
ATS.HN,Atesco Industrial Cartering JSC
AUM.HNO,Vinacafe Son Thanh JSC
AVC.HNO,A Vuong Hydropower JSC
AVF.HNO,Anvifish Joint Stock Co
B82.HNO,JSC No 482
BAB.HN,Bac A Commercial Joint Stock Bank
BAL.HNO,Beer - Alcohol - Beverage Packaging JSC
BAX.HN,Thong Nhat JSC
BBC.HN,Bibica Corp
BBH.HNO,Hoang Thach Bagging JSC
BBM.HNO,Ha Noi - Nam Dinh Beer JSC
BBS.HN,Vicem Packaging But Son JSC
BBT.HNO,Bach Tuyet Cotton Corp
BCB.HNO,397 JSC
BCC.HN,Bim Son Cement JSC
BCE.HM,Binh Duong Construction & Civil Engineering JSC
BCF.HN,Bich Chi Food Co
BCG.HM,Bamboo Capital JSC
BCM.HM,Investment and Industrial Development Joint Stock Corp
BCP.HNO,Enlie Pharmaceutical JSC
BCV.HNO,Vimico Cao Bang Bang Giang Travel and Trading JSC
BDB.HN,Binh Dinh Book and Equipment JSC
BDG.HNO,Protrade Garment JSC
BDT.HNO,Dongthap Building Materials & Construction JSC
BDW.HNO,Binh Dinh Water Supply and Sewerage JSC
BED.HN,Danang Books and School Equipment JSC
BEL.HNO,Viettronics Bien Hoa JSC
BFC.HM,Binh Dien Fertilizer JSC
BGW.HNO,Bac Giang Clean Water JSC
BHA.HNO,Bac Ha Hydropower JSC
BHC.HNO,Bien Hoa Concrete JSC
BHG.HNO,Bien Ho Tea JSC
BHK.HNO,Hanoi Kimbai Beer JSC
BHN.HM,Hanoi Beer Alcohol And Beverage Joint Stock Corp
BHP.HNO,Ha Noi Hai Phong Beer JSC
BHT.HNO,Bach Dang TMC Construction Investment JSC
BIC.HM,BIDV Insurance Corp
BID.HM,Joint Stock Commercial Bank for Investment and Development of Vietnam
BII.HN,Louis Holdings JSC
BIO.HNO,Nha Trang Vaccines and Biological Products JSC
BKC.HN,BacKan Mineral Joint Stock Corp
BKG.HM,BKG Viet Nam Investment JSC
BKH.HNO,Hanoi Confectionery JSC
BLF.HN,Bac Lieu Fisheries JSC
BLI.HNO,Bao Long Insurance Corp
BLN.HNO,Lien Ninh Transport And Service JSC
BLT.HNO,Binh Dinh Food JSC
BLU.HNO,Bac Lieu Urban Service Center
BLW.HNO,Baclieu Water Supply JSC
BMC.HM,Binh Dinh Minerals JSC
BMD.HNO,Binh Thuan Environmental Urban Service JSC
BMF.HNO,Dong Nai Building Material and Fuel JSC
BMG.HNO,Binh Minh Garment JSC
BMI.HM,Baominh Insurance Corp
BMJ.HNO,Easterns AHP Minerals JSC
BMN.HNO,715. JSC
BMP.HM,Binh Minh Plastics JSC
BMS.HNO,Bao Minh Securities Co
BMV.HNO,Vinafood 1 Flour JSC
BNA.HN,Bao Ngoc Investment Production Corp
BNW.HNO,Bac Ninh Clean Water JSC
BOT.HNO,Thai Ha Bridge Bot JSC
BPC.HN,Vicem Packaging Bimson JSC
BPW.HNO,Binh Phuoc Water Supply and Sewerage JSC
BQB.HNO,Hanoi - Quang Binh Beer JSC
BRC.HM,Ben Thanh Rubber JSC
BRR.HNO,Baria Rubber JSC
BRS.HNO,Ba Ria Urban Service JSC
BSA.HNO,Buon Don Hydropower JSC
BSC.HN,Ben Thanh Services JSC
BSD.HNO,Sai Gon Dong Xuan Beer Alcohol JSC
BSG.HNO,Saigon Passenger Transport JSC
BSH.HNO,Sai Gon Ha Noi Beer Corp
BSI.HN,BIDV Securities JSC
BSL.HNO,Saigon-Songlam Beer JSC
BSP.HNO,Saigon Phutho Beer JSC
BSQ.HNO,Sai Gon Quang Ngai Beer JSC
BSR.HNO,Binh Son Refining and Petrochemical JSC
BST.HN,Binh Thuan Books and Equipment JSC
BT1.HNO,Central Plant Protection JSC No.1
BT6.HNO,Beton 6 Corp
BTB.HNO,Ha Noi Thai Binh Beer JSC
BTD.HNO,Thuduc Centrifugal Concrete JSC
BTG.HNO,Tien Giang Packaging JSC
BTH.HNO,Ha Noi Transformer Manufacturing and Electric Material JSC
BTN.HNO,Binh Dinh Tunnel Brick JSC
BTP.HM,Baria Thermal Power JSC
BTR.HNO,Binh Tri Thien Railway JSC
BTS.HN,Vicem But Son Cement JSC
BTT.HM,Ben Thanh Trading & Service JSC
BTU.HNO,Bentre Urban Project JSC
BTV.HNO,Ben Thanh Tourist Service Corp
BTW.HN,Ben Thanh Water Supply JSC
BUD.HNO,Vietnam Science and Technology JSC
BVB.HNO,Viet Capital Commercial Joint Stock Bank
BVG.HNO,Bac Viet Group JSC
BVH.HM,BaoViet Holdings
BVL.HNO,BV Land JSC
BVN.HNO,Vietnam Cotton JSC
BVS.HN,Bao Viet Securities JSC
BWA.HNO,Bao Loc Supply Sewerage and Construction JSC
BWE.HM,Binh Duong Water Environment JSC
BWS.HNO,Baria Vungtau Water Supply JSC
BXH.HN,Haiphong Packing VICEM JSC
BXT.HNO,Hau Giang Transport Station JSC
C12.HNO,Bridge No12 JSC
C21.HNO,Century 21 JSC
C22.HNO,22 JSC
C32.HM,CIC39 Corp
C36.HNO,236 Traffic Project Construction and Management JSC
C47.HM,Construction JSC 47
C4G.HNO,Cienco4 Group JSC
C69.HN,1369 Construction JSC
C71.HNO,No 471 JSC
C92.HN,Construction and Investment JSC No 492
CAB.HNO,Vietnam Television Cable JSC
CAD.HNO,Cadovimex Seafood Import Export and Processing JSC
CAG.HN,Angiang Port JSC
CAM.HNO,Camau Urban Environment JSC
CAN.HN,Ha Long Canned Food Joint Stock Corp
CAP.HN,Yenbai Joint Stocks Forest Agricultural Products and Foodstuff Co
CAT.HNO,Seaprimexco-Vietnam
CAV.HN,Vietnam Electric Cable Corp
CBI.HNO,Cao Bang Cast Iron and Steel JSC
CBS.HNO,Cao Bang Sugar JSC
CC1.HNO,Construction Corporation No 1 JSC
CC4.HNO,Investment and Construction No4 JSC
CCA.HNO,Can Tho Import Export Seafood JSC
CCH.HNO,Hanoi Consultant and Construction Investment JSC
CCI.HM,CuChi Commercial and Industrial Developing Investment JSC
CCL.HM,Cuu Long Petro Urban Development and Investment Corp
CCM.HNO,Can Tho Mineral and Cement JSC
CCP.HNO,Hai Phong Cua Cam Port JSC
CCR.HNO,CamRanh Port JSC
CCT.HNO,Cantho Port JSC
CCV.HNO,VCC Engineering Consultants JSC
CDC.HM,Chuong Duong Corp
CDG.HNO,Cau Duong JSC
CDH.HNO,Hai Phong Public Works and Tourism Services JSC
CDN.HN,Danang Port JSC
CDO.HNO,Consultancy Design and Urban Development JSC
CDP.HNO,Codupha Central Pharmaceutical JSC
CDR.HNO,Dong Nai Rubber Construction JSC
CE1.HNO,Construction and Industry Equipment CIE1 JSC
CEE.HM,CII Infrastructure Construction JSC
CEG.HNO,Construction and Industry Equipment Group Corp
CEN.HNO,Cencon Viet Nam JSC
CEO.HN,CEO Group JSC
CET.HN,HTC Holding JSC
CFC.HNO,Cafico Viet Nam Corp
CFM.HNO,CFM Investment JSC
CFV.HNO,Thang Loi Coffee JSC
CGL.HNO,Gia Lai Trading JSC
CGV.HNO,Vietnam Ceramic Glass JSC
CH5.HNO,Hanoi Construction JSC No5
CHC.HNO,Camha JSC
CHP.HM,Central Hydropower JSC
CHS.HNO,Ho Chi Minh City Public Lighting JSC
CI5.HNO,No5 Construction Investment JSC
CIA.HN,Cam Ranh International Airport Services JSC
CID.HNO,Construction and Infrastructure Development JSC
CIG.HM,Coma 18 JSC
CII.HM,Ho Chi Minh City Infrastructure Investment JSC
CIP.HNO,Construction and Industrial Production JSC
CJC.HN,Central Area Electrical Mechanical JSC
CKA.HNO,An Giang Mechanical JSC
CKD.HNO,Dong Anh Licogi Mechanical JSC
CKG.HM,Kien Giang Construction Investment Consultancy Group
CKV.HN,Cokyvina JSC
CLC.HM,Cat Loi JSC
CLG.HNO,Cotec Investment and Land House Development JSC
CLH.HN,VVMI La Hien Cement JSC
CLL.HM,Cat Lai Port JSC
CLM.HN,Vinacomin Coal Import Export JSC
CLW.HM,Cho Lon Water Supply JSC
CLX.HNO,Cho Lon Investment and Import Export Corp
CMC.HN,CMC Investment JSC
CMD.HNO,Construction Material & Interior Decoration JSC
CMF.HNO,Cholimex Food JSC
CMG.HM,CMC Corp
CMI.HNO,CMISTONE Viet Nam JSC
CMK.HNO,Vinacomin Maokhe Mechanical JSC
CMN.HNO,Colusa Miliket Foodstuff JSC
CMP.HNO,Chanmay Port JSC
CMS.HN,CMVietnam JSC
CMT.HNO,Information and Networking Technology JSC
CMV.HM,Camau Trading JSC
CMW.HNO,Ca Mau Water Supply JSC
CMX.HM,Camimex Group JSC
CNC.HNO,Traphaco High Tech JSC
CNG.HM,CNG Vietnam JSC
CNN.HNO,Consultant and Inspection of Construction Technology and Equipment JSC
CNT.HNO,Construction and Materials Trading JSC
COM.HM,Materials Petroleum JSC
CPA.HNO,Phuoc An Coffee JSC
CPC.HN,Cantho Pesticides JSC
CPH.HNO,Haiphong Funeral Services JSC
CPI.HNO,Cailanport Investment JSC
CPW.HNO,Communications and Public Works JSC
CQN.HNO,Quang Ninh Port JSC
CQT.HNO,VVMI Quantrieu Cement JSC
CRC.HM,Create Capital Vietnam Limited JSC
CRE.HM,Century Land JSC
CSC.HN,Cotana Group JSC
CSI.HNO,Vietnam Construction Securities JSC
CSM.HM,Southern Rubber Industry JSC
CST.HNO,Cao Son Coal JSC
CSV.HM,South Basic Chemicals JSC
CT3.HNO,Project 3 Construction & Investment JSC
CT5.HNO,319.5 JSC
CT6.HNO,Construction JSC No 6
CTA.HNO,Vinavico JSC
CTB.HN,HaiDuong Pump Manufacturing JSC
CTC.HN,Hoang Kim Tay Nguyen Group JSC
CTD.HM,Coteccons Construction JSC
CTF.HM,City Auto Corp
CTG.HM,Vietnam Joint Stock Commercial Bank for Industry and Trade
CTI.HM,Cuong Thuan Idico Development Investment Corp
CTN.HNO,Underground Works Construction JSC
CTP.HN,Minh Khang Capital Trading Public JSC
CTR.HNO,Viettel Construction JSC
CTS.HM,VietinBank Securities JSC
CTT.HN,Vinacomin Machinery JSC
CTW.HNO,Can Tho Water Supply Sewerage JSC
CTX.HN,Vietnam Investment Construction and Trading Joint Stock Corp
CVN.HN,Vinam JSC
CVT.HM,CMC JSC
CX8.HN,Constrexim No 8 Investment and Construction JSC
CXH.HNO,Hanoi Passenger Car JSC
CYC.HNO,Chang Yih Ceramic JSC
D11.HN,Real Estate 11 JSC
D2D.HM,Industrial Urban Development JSC No 2
DAC.HNO,382 Dong Anh JSC
DAD.HN,Danang Education Investment And Development JSC
DAE.HN,Educational Book in Da Nang City JSC
DAG.HM,Dong A Plastic Group JSC
DAH.HM,Dong A Hotel Group JSC
DAP.HNO,Dong A Packaging JSC
DAR.HNO,Dian Train JSC
DAS.HNO,Danang Petroleum Machinery Technology JSC
DAT.HM,Travel Investment and Seafood Development Corp
DBC.HM,DABACO Group
DBD.HM,Binh Dinh Pharmaceutical and Medical Equipment JSC
DBH.HNO,Haiphong Overland Road JSC
DBM.HNO,Dak Lak Pharmaceutical Medical Equipment JSC
DBT.HM,Ben Tre Pharmaceutical JSC
DBW.HNO,Dien Bien Water Supply JSC
DC1.HNO,Development Investment Construction Number 1 JSC
DC2.HN,Development Investment Construction Number 2 JSC
DC4.HM,DIC Holdings Construction JSC
DCF.HNO,Design and Construction JSC No 1
DCG.HNO,Dapcau Garment Corp JSC
DCH.HNO,Ha Noi Cadastral JSC
DCI.HNO,Danang Chemical Industries JSC
DCL.HM,Cuu Long Pharmaceutical JSC
DCM.HM,PetroVietnam Ca Mau Fertilizer JSC
DCR.HNO,Cosevco Ceramic Tiles JSC
DCS.HNO,Dai Chau Group JSC
DCT.HNO,Dong Nai Roofsheet & Construction Material JSC
DDG.HN,Indochine Import Export Investment Industrial JSC
DDH.HNO,Haiphong Waterway Traffic Assurance JSC
DDM.HNO,Dongdo Marine JSC
DDN.HNO,Danang Pharmaceutical Medical Equipment JSC
DDV.HNO,DAP Vinachem JSC
DFC.HNO,Dong Anh C&F JSC
DGC.HM,Ducgiang Chemicals Group JSC
DGT.HNO,Dona Transportation Construction JSC
DGW.HM,Digiworld Corp
DHA.HM,Hoa An JSC
DHB.HNO,Ha Bac Nitrogenous Fertilizer & Chemicals JSC
DHC.HM,DongHai of Bentre JSC
DHD.HNO,Hai Duong Pharmaceutical Medical Material JSC
DHG.HM,Dhg Pharmaceutical Joint-Stock Co
DHM.HM,Duong Hieu Trading and Mining JSC
DHN.HNO,Hanoi Pharma JSC
DHP.HN,Hai Phong Electrical Mechanical JSC
DHT.HN,HaTay Pharmaceutical JSC
DIC.HNO,DIC Investment and Trading JSC
DID.HNO,DIC - Dong Tien JDC
DIG.HM,Development Investment Construction JSC
DIH.HN,Development Investment Construction Hoi An JSC
DKC.HNO,Lang Son Market JSC
DKH.HNO,Hau Giang Registration JSC
DL1.HN,Viet Nam Renewable Energy Group JSC
DLD.HNO,Daklak Tourist JSC
DLG.HM,Duc Long Gia Lai Group JSC
DLR.HNO,DaLat Real Estate JSC
DLT.HNO,Vinacomin Tourism & Trading JSC
DM7.HNO,DET MAY 7 JSC
DMC.HM,Domesco Medical Import Export Joint Stock Corp
DNA.HNO,An Giang Power and Water Supply JSC
DNB.HNO,Dak Nong Book and Educational Equipment JSC
DNC.HN,Hai Phong Electricity Water Machine Assembly JSC
DND.HNO,Dong Nai Material & Building Investment JSC
DNE.HNO,Danang Urban Environment JSC
DNH.HNO,Da Nhim Ham Thuan Da Mi Hydro Power JSC
DNL.HNO,Da Nang Port Logistics JSC
DNM.HN,Danameco Medical Joint Stock Corp
DNN.HNO,Da Nang Water Supply JSC
DNP.HN,Dongnai Plastic JSC
DNR.HNO,Quang Nam Da Nang Railway JSC
DNS.HNO,Danang Steel JSC
DNT.HNO,Dong Nai Tourist JSC
DNW.HNO,Dong Nai Water JSC
DNY.HNO,Dana-Y Steel JSC
DOC.HNO,Dong Nai JSC Of Agricultural Material
DOP.HNO,DongThap Petroleum Transportations JSC
DP1.HNO,Central Pharmaceutical CPC1 JSC
DP2.HNO,Central Pharmaceutical JSC No2
DP3.HN,Central Pharmaceutical JSC No3
DPC.HN,Danang Plastic JSC
DPD.HNO,Dong Phu Dak Nong Rubber JSC
DPG.HM,Dat Phuong JSC
DPH.HNO,Hai Phong Pharmaceutical JSC
DPM.HM,PetroVietnam Fertilizer and Chemicals Corp
DPP.HNO,Dongnai Pharmaceutical JSC
DPR.HM,Dong Phu Rubber JSC
DPS.HN,Soc Son Development Investment JSC
DQC.HM,Dien Quang Lamp JSC
DRC.HM,Danang Rubber JSC
DRG.HNO,Dak Lak Rubber JSC
DRH.HM,DRH Holdings JSC
DRI.HNO,Daklak Rubber Investment JSC
DRL.HM,Hydro Power JSC-power No.3
DS3.HN,Riverway Management JSC No3
DSC.HNO,Da Nang Securities Co
DSG.HNO,Viglacera Dapcau Sheet Glass JSC
DSN.HM,Dam Sen Water Park Corp
DSP.HNO,PHU THO TOURIST SERVICE JSC
DST.HN,Sao Thang Long Investment JSC
DSV.HNO,Vinh Phu Railway JSC
DT4.HNO,Inland Waterways Management and Maintenance Joint Stock Co No 4
DTA.HM,De Tam JSC
DTB.HNO,Bao Loc City Urban Projects JSC
DTC.HNO,Dong Trieu Viglacera JSC
DTD.HN,Thanh Dat Investment Development JSC
DTE.HNO,Dai Truong Thanh Holdings Energy Investment JSC
DTG.HNO,Tipharco Pharmaceutical JSC
DTI.HNO,Duc Trung Investment JSC
DTK.HN,Vinacomin Power Holding Corp
DTL.HM,Dai Thien Loc Corp
DTP.HNO,Ha Noi CPC1 Pharmaceutical JSC
DTT.HM,Do Thanh Technology Corp
DTV.HNO,Tra Vinh Electric Development Joint Stock Corp
DUS.HNO,Dalat Urban Service JSC
DVC.HNO,Hai Phong Port Trading and Services JSC
DVG.HN,Dai Viet Paint Group JSC
DVN.HNO,Vietnam Pharmaceutical Corp
DVP.HM,Dinhvu Port Investment & Development JSC
DVW.HNO,Dong Nai Water Supply Construction and Services JSC
DWS.HNO,Dong Thap Water Supply & Urban Environment JSC
DX2.HNO,319.2 Investment and Construction JSC
DXD.HNO,VVMI Investment and Construction JSC
DXG.HM,Dat Xanh Group JSC
DXL.HNO,Lang Son Tourism and Import Export JSC
DXP.HN,DoanXa Port JSC
DXV.HM,Danang Building Material Vicem JSC
DZM.HN,Dzi An Mechanoelectric JSC
E12.HNO,Vneco12 Electricity Construction JSC
E29.HNO,29 Investment Construction and Engineering JSC
EAD.HNO,Daklak Power Hydroelectric JSC
EBA.HN,Bac Na JSC
EBS.HN,Educational Book JSC in Ha Noi City
ECI.HN,Education Cartography and Illustration JSC
EFI.HNO,Education Financial Investment JSC
EIB.HM,Vietnam Export Import Commercial Joint Stock Bank
EIC.HNO,EVN International JSC
EID.HN,Ha Noi Education Development And Investment JSC
EIN.HNO,Electricity Investment Service Trade JSC
ELC.HM,Electronics Communications Technology Investment Development Corp
EMC.HM,Thu Duc Electro Mechanical JSC
EME.HNO,Electro Mechanical Co
EMG.HNO,Electrical Mechanical Equipment and Spare Parts JSC
EMS.HNO,VN Post Express JSC
EPC.HNO,Eapok Coffee JSC
EPH.HNO,Ha Noi Education Publishing Services JSC
EVE.HM,Everpia JSC
EVF.HNO,EVN Finance JSC
EVG.HM,Everland Group JSC
EVS.HN,Everest Securities JSC
FBA.HNO,FBA International Group Corp
FBC.HNO,Pho Yen Mechanical JSC
FCC.HNO,Foodstuff Combinatorial JSC
FCM.HM,Fecon Mining JSC
FCN.HM,Fecon Corp
FCS.HNO,Ho Chi Minh City Food JSC
FDC.HM,Foreign Trade Development and Investment Corp of Ho Chi Minh City
FDG.HNO,Dongthap Trading Corp
FGL.HNO,Gia Lai Coffee JSC
FHN.HNO,Hanoi Food Import Export JSC
FHS.HNO,Hochiminh City Book Distribution Corp
FIC.HNO,Fico Corporation JSC
FID.HN,Vietnam Enterprise Investment and Development JSC
FIR.HM,FIRST REAL JSC
FIT.HM,F.I.T Group JSC
FLC.HM,FLC Group JSC
FMC.HM,Sao Ta Foods JSC
FOC.HNO,FPT Online JSC
FOX.HNO,FPT Telecom JSC
FPT.HM,FPT Corp
FRC.HNO,Forest Products Export JSC of Quang Nam
FRM.HNO,Sai Gon Forestry Import Export JSC
FRT.HM,FPT Digital Retail JSC
FSO.HNO,Viet Nam Fishery Mechanical Shipbuilding JSC
FT1.HNO,Machinery Spare Parts N01 JSC
FTI.HNO,Friendship Trading-Industrial JSC
FTM.HM,Duc Quan Investment and Development JSC
FTS.HM,FPT Securities JSC
G20.HNO,Vinh Phuc Textile Investment JSC
G36.HNO,36 Corp
GAB.HM,FLC Mining Investment & Asset Management JSC
GAS.HM,Petrovietnam Gas Joint Stock Corp
GCB.HNO,Petec Binh Dinh JSC
GDT.HM,DucThanh Wood Processing JSC
GDW.HN,Gia Dinh Water Supply JSC
GE2.HNO,Power Generation Corp 2
GEG.HM,Gia Lai Electricity JSC
GER.HNO,Geru Star Sport JSC
GEX.HM,Viet Nam Electrical Equipment Joint Stock Corp
GGG.HNO,Giaiphong Motor JSC
GHC.HNO,Gia Lai Hydropower JSC
GIC.HN,Green Development and Investment Service JSC
GIL.HM,BinhThanh Import Export Production and Trade JSC
GKM.HN,Khang Minh Group JSC
GLC.HNO,Laocai Gold JSC
GLT.HN,Global Electrical Technology Corp
GLW.HNO,Gia Lai Water Supply Sewerage JSC
GMA.HN,Viet Nam Enteco Corp
GMC.HM,Garmex Saigon Corp
GMD.HM,Gemadept Corp
GMX.HN,My Xuan Brick Tile Pottery and Construction JSC
GND.HNO,Dong Nai Brick and Tile Corp
GQN.HNO,Quang Nam Aquaculture JSC
GSM.HNO,Huong Son Hydro Power JSC
GSP.HM,International Gas Product Shipping JSC
GTA.HM,Thuan An Wood Processing JSC
GTD.HNO,Thuongdinh Footwear JSC
GTH.HNO,Thua Thien Hue Construction Transportation JSC
GTK.HNO,Thuy Khue Shoes JSC
GTN.HM,GTNFOODS JSC
GTS.HNO,Saigon Traffic Construction JSC
GTT.HNO,Thuan Thao Corp
GVR.HM,Viet Nam Rubber Group JSC
GVT.HNO,Viet Tri Paper JSC
H11.HNO,Hud101 Construction JSC
HAB.HNO,Hanoi School Books and Equipment JSC
HAC.HNO,Hai Phong Securities JSC
HAD.HN,Hanoi Haiduong Beer JSC
HAF.HNO,Hanoi Foodstuff JSC
HAG.HM,Hoang Anh Gia Lai JSC
HAH.HM,Hai An Transport and Stevedoring JSC
HAI.HM,HAI Agrochem JSC
HAM.HNO,Hau Giang Materials JSC
HAN.HNO,Hanoi Construction Corp JSC
HAP.HN,Hapaco Group JSC
HAR.HM,An Duong Thao Dien Real estate Trading Investment JSC
HAS.HM,Hacisco JSC
HAT.HN,Hanoi Beer Trading JSC
HAV.HNO,Hapro Vodka JSC
HAW.HNO,Hau Giang Environmental Sanitation and Water Supply JSC
HAX.HM,Hang Xanh Motors Service JSC
HBC.HM,Hoa Binh Construction Group JSC
HBD.HNO,Binh Duong PP Pack Making JSC
HBE.HN,Hatinh Book And Equiptment Education JSC
HBH.HNO,Habeco Hai Phong JSC
HBS.HN,Hoa Binh Securities JSC
HC1.HNO,Hanoi Construction No1 JSC
HC3.HNO,Haiphong Construction Joint Stock Corp No3
HCB.HNO,March 29 Textile Garment JSC
HCC.HN,Intimex Hoa Cam Concrete JSC
HCD.HM,Hcd Investment Producing and Trading JSC
HCI.HNO,Hanoi Construction Investment JSC
HCM.HM,Ho Chi Minh City Securities Corp
HCT.HN,Hai Phong Cement Trading and Transportation JSC
HD2.HNO,Housing Development Investment JSC HUD2
HD6.HNO,Hanoi Housing Development and Investment JSC No 6
HD8.HNO,Housing and Urban Development Investment JSC HUD 8
HDA.HN,Dong A Paint JSC
HDB.HM,Ho Chi Minh City Development Joint Stock Commercial Bank
HDC.HM,Ba Ria Vung Tau House Development JSC
HDG.HM,Ha Do Group JSC
HDM.HNO,Hue Textile Garment JSC
HDO.HNO,Hung Dao Container JSC
HDP.HNO,Hatinh Pharmaceutical JSC
HDW.HNO,Hai Duong Water JSC
HEC.HNO,Hydraulic Engineering Consultant Corp Ii
HEJ.HNO,Vietnam Hydraulic Engineering Consultants Corporation JSC
HEM.HNO,Hanoi Electromechanical Manufacturing JSC
HEP.HNO,Hue Urban Environment and Public Works JSC
HES.HNO,Hanoi Entertainment Services Corp
HEV.HN,Higher Educational and Vocational Book JSC
HFB.HNO,Ho Chi Minh City Ferry Bridge Construction JSC
HFC.HNO,HFC Petroleum Corp
HFS.HNO,Ha Noi Trading Service Fashion JSC
HFX.HNO,Thanh Ha Production and Import Export JSC
HGA.HNO,Hau Giang High Tech Agriculture JSC
HGC.HNO,Hau Giang Co Architecture Planning and Construction Investment
HGM.HN,Ha Giang Mineral and Mechanics JSC
HGR.HNO,Hau Giang Resources and Environment Stock Co
HGT.HNO,Huong Giang Tourist JSC
HGW.HNO,Hau Giang Water Supply and Sewerage Projects Urban JSC
HHC.HN,Haiha Confectionery JSC
HHG.HN,Hoang Ha JSC
HHN.HNO,Ha Noi Goods Services And Transport JSC
HHP.HM,Hai Phong Hoang Ha Paper JSC
HHR.HNO,Ha Hai Railway JSC
HHS.HM,Hoang Huy Investment Services JSC
HHV.HNO,Deo Ca Traffic Infrastructure Investment JSC
HID.HM,HALCOM VIETNAM JSC
HIG.HNO,HiPT Group JSC
HII.HM,An Tien Industries JSC
HIZ.HNO,Ho Nai Industrial Zone JSC
HJC.HNO,Hoa Viet JSC
HJS.HN,Nam Mu Hydropower JSC
HKB.HN,Hanoi Kinhbac Agriculture and Food JSC
HKC.HNO,Hanoi Knitting JSC
HKP.HNO,Ha Tien Packaging JSC
HKT.HN,Ego Viet Nam Investment JSC
HLA.HNO,Huu Lien Asia Corp
HLB.HNO,Halong Beer and Beverage JSC
HLC.HN,Vinacomin Ha Lam Coal JSC
HLD.HN,Hudland Real Estate Investment And Developement JSC
HLE.HNO,Hai Phong Electric Lighting JSC
HLG.HNO,Hoang Long Group
HLR.HNO,Halang Railway JSC
HLS.HNO,Hoang Lien Son Technical Ceramic JSC
HLT.HNO,Hoang Thi Loan Textile & Garment JSC
HLY.HNO,Yen Hung Construction Ceramic JSC
HMC.HM,Vnsteel Hochiminh City Metal Corp
HMG.HNO,Vnsteel Hanoi Steel Corp
HMH.HN,Hai Minh Corp
HMS.HNO,Hochiminh Museum Construction JSC
HNA.HNO,Hua Na Hydropower JSC
HNB.HNO,Ha Noi Transport Station JSC
HND.HNO,Hai Phong Thermal Power JSC
HNE.HNO,Hanel JSC
HNF.HNO,HuuNghi Food JSC
HNG.HM,Hoang Anh Gia Lai Agricultural JSC
HNI.HNO,Huunghi Garment JSC
HNM.HNO,Hanoi Milk JSC
HNOmad.HNO,Unlisted Public Company Market
HNP.HNO,Hanel Plastics JSC
HNR.HNO,Hanoi Liquor and Beverage JSC
HNT.HNO,Ha Noi Tram JSC
HOM.HN,Vicem Hoang Mai Cement JSC
HOT.HM,Hoi An Tourist Service JSC
HPB.HNO,PP Pack Making JSC
HPD.HNO,Dak Doa Hydropower JSC
HPG.HM,Hoa Phat Group JSC
HPH.HNO,Ha Bac Hung Phat Chemical JSC
HPI.HNO,Hiep Phuoc Industrial Park JSC
HPM.HN,Hoang Phuc Mineral Trading and Construction JSC
HPP.HNO,Hai Phong Paint JSC
HPT.HNO,HPT Vietnam Corp
HPW.HNO,Hai Phong Water JSC
HPX.HM,Hai Phat Investment JSC
HQC.HM,Hoang Quan Consulting Trading Service Real Estate Corp
HRB.HNO,Harec Investment and Trade JSC
HRC.HM,Hoa Binh Rubber JSC
HRT.HNO,Hanoi Railway Transport JSC
HSA.HNO,Hestia JSC
HSG.HM,Hoa Sen Group
HSI.HNO,General Materials Biochemistry Fertilizer JSC
HSL.HM,Hong Ha Food Investment Development JSC
HSM.HNO,Hanoi Textile and Garment Joint Stock Corp
HSP.HNO,Hanoi Synthetic Paint JSC
HSV.HNO,Ha Noi Iron and Steel JSC
HT1.HM,Ha Tien 1 Cement JSC
HTC.HN,HocMon Trade JSC
HTE.HNO,Ho Chi Minh City Electric Power Trading Investment Corp
HTG.HNO,Hoa Tho Textile - Garment Joint Stock Corp
HTI.HM,Idico Infrastructure Development Investment JSC
HTK.HNO,Hai Duong Motor Transport Vehicle Registration JSC
HTL.HM,Truong Long Engineering and Auto JSC
HTM.HNO,Hanoi Trade Joint Stock Corp
HTN.HM,Hung Thinh Incons JSC
HTP.HN,Hoaphat Textbook Printing JSC
HTR.HNO,Ha Thai Railway JSC
HTT.HNO,Ha Tay Trading JSC
HTU.HNO,Ha Tinh Urban And Environment JSC
HTV.HM,Logistics Vicem JSC
HTW.HNO,Hatinh Water Supply JSC
HU1.HM,HUD1 Investment and Construction JSC
HU3.HM,HUD3 Investment and Construction JSC
HU4.HNO,Hud4 Investment and Construction JSC
HU6.HNO,HUD6 City and Housing Development Investment JSC
HUB.HM,Thua Thien Hue Construction Joint Stock Corp
HUG.HNO,Hung Yen Garment Corp JSC
HUT.HN,Tasco JSC
HUX.HNO,Thua Thien Hue Minerals JSC
HVA.HNO,HVA Investment JSC
HVG.HNO,Hung Vuong Corp
HVH.HM,HVC Investment and Technology JSC
HVN.HM,Vietnam Airlines JSC
HVT.HN,Viet Tri Chemical JSC
HVX.HM,Vicem Hai Van Cement JSC
HWS.HNO,Thua Thien Hue Water Supply JSC
I10.HNO,Idico No10 Investment Construction JSC
IBC.HM,Apax Holdings JSC
IBD.HNO,Binh Duong General Printing JSC
IBN.HNO,Newspaper Nghe An Printing Co Ltd
ICC.HNO,Industrial Construction JSC
ICF.HNO,Investment Commerce Fisheries Corp
ICG.HN,Song Hong Construction JSC
ICI.HNO,Industrial Construction and Investment JSC
ICN.HNO,IDICO Investment Construction Oil and Natural Gas JSC
ICT.HM,JSC for Telecoms and Informatics
IDC.HN,Idico Corporation JSC
IDI.HM,I.D.I International Development and Investment Corp
IDJ.HN,IDJ Vietnam Investment JSC
IDP.HNO,International Dairy Products JSC
IDV.HN,VinhPhuc Infrastructure Development JSC
IFC.HNO,Saigon Industrial Foodstuffs JSC
IFS.HNO,Interfood Shareholding Co
IHK.HNO,Aviation Printing JSC
IJC.HM,Becamex Infrastructure Development JSC
IKH.HNO,Scientific Technical Printing JSC
ILA.HNO,ILA JSC
ILB.HM,ICD Tan Cang Long Binh JSC
ILC.HNO,International Labour and Services JSC
ILS.HNO,International Investment Trade and Service JSC
IME.HNO,Mechanical And Industrial Construction JSC
IMP.HM,Imexpharm Corp
IN4.HNO,No4 Printing JSC
INC.HN,IDICO Investment Consultancy JSC
INN.HN,Agriculture Printing and Packaging JSC
IPA.HNO,Ipa Investments Group JSC
IPH.HNO,Statistical Printing and Forming JSC
IRC.HNO,Industrial Rubber JSC
ISG.HNO,International Shipping and Labour Cooperation JSC
ISH.HNO,Idico Srok Phu Mieng Hydropower JSC
IST.HNO,Tan Cang Song Than ICD JSC
ITA.HM,Tan Tao Investment and Industry Corp
ITC.HM,Investment and Trading of Real Estate JSC
ITD.HM,Innovative Technology Development Corp
ITQ.HN,Thien Quang Group JSC
ITS.HNO,"Vinacomin Investment, Trading And Service JSC"
IVS.HN,Vietnam Investment Securities Co
JOS.HNO,Minh Hai Export Frozen Seafood Processing JSC
JVC.HM,Japan Vietnam Medical Instrument JSC
KAC.HNO,Khang An Investment Real Estate JSC
KBC.HM,Kinhbac City Development Holding Corp
KBE.HNO,Kien Giang Book and Equipment JSC
KCB.HNO,Cao Bang Mineral and Metallurgical JSC
KCE.HNO,Khanh Hoa Power Centrifugal Concrete JSC
KDC.HM,Kido Group Corp
KDH.HM,Khang Dien House Trading and Investment JSC
KDM.HN,New Residential Urban Development Holdings Corp
KGM.HNO,Kien Giang Import & Export JSC
KHA.HNO,Khanh Hoi Investment and Services Corp
KHB.HNO,HoaBinh Mineral JSC
KHD.HNO,Hai Duong Mineral Eineal Processing JSC
KHL.HNO,Hung Long Mineral and Building Material JSC
KHP.HM,Khanh Hoa Power JSC
KHS.HN,Kien Hung JSC VN
KHW.HNO,Khanh Hoa Water Supply and Sewerage JSC
KIP.HNO,Vietnam KIP JSC
KKC.HN,KKC Metal Joint Stock Company
KLB.HNO,Kien Long Commercial Joint Stock Bank
KLF.HN,CFS Investment and Import Export Trading JSC
KLM.HNO,Nghe Tinh Non-Ferrous Metal JSC
KMR.HM,Mirae JSC
KMT.HN,Central Vietnam Metal Corp
KOS.HM,Kosy JSC
KPF.HM,Hoang Minh Finance Investment JSC
KSB.HM,Binh Duong Mineral and Construction JSC
KSD.HN,DNA Investment Joint Stock Corp
KSE.HNO,Khanh Hoa Seafoods Exporting JSC
KSH.HNO,Damac GLS JSC
KSK.HNO,Mineral Ferrous Metallergy JSC
KSQ.HN,CNC Capital Viet Nam JSC
KST.HN,Kasati JSC
KSV.HNO,Vinacomin Minerals Holding Corp
KTC.HNO,Kien Giang Trading JSC
KTL.HNO,Thang Long Metal Wares JSC
KTS.HN,Kon Tum Sugar JSC
KTT.HN,KTT Investment Group JSC
KVC.HN,Kim Vi Inox Import Export Production JSC
L10.HM,Lilama 10 JSC
L12.HNO,Licogi 12 JSC
L14.HN,LICOGI 14 JSC
L18.HN,Construction And Investment JSC No 18
L35.HN,Erection Mechanical JSC
L40.HN,40 Investment and Construction JSC
L43.HN,Lilama 45.3 JSC
L44.HNO,Lilama 45.4 JSC
L45.HNO,Lilama 45.1 JSC
L61.HN,Lilama 69-1 JSC
L62.HN,Lilama 69 - 2 JSC
L63.HNO,Lilama 69-3 JSC
LAF.HN,Long An Food Processing Export JSC
LAI.HNO,Idico-Longan Investment Construction JSC
LAS.HN,Lam Thao Fertilizers and Chemicals JSC
LAW.HNO,Long An Water Supply Sewerage JSC
LBC.HNO,Long Bien JSC
LBE.HN,Long An School Book and Equipment JSC
LBM.HM,Lamdong Minerals and Building Materials JSC
LCC.HNO,Hong Phong Cement Joint Stock Co
LCD.HN,Erection Electromechanics Testing JSC
LCG.HM,Licogi 16 JSC
LCM.HM,Laocai Mineral Exploitation and Processing JSC
LCS.HN,Licogi 166 JSC
LCW.HNO,Lai Chau Clean Water JSC
LDG.HM,LDG Investment JSC
LDP.HN,Lam Dong Pharmaceutical JSC
LDW.HNO,Lam Dong Water Supply and Sewerage JSC
LEC.HM,Central Power Real Estate JSC
LG9.HNO,Mechanized Construction and Installation JSC No9
LGC.HM,CII Bridges and Roads Investment JSC
LGL.HM,Long Giang Investment and Urban Development JSC
LGM.HNO,Leather Footwear and Garment Making Exporting Corp
LHC.HN,Lam Dong Investment and Hydraulic Construction JSC
LHG.HM,Long Hau Corp
LIC.HNO,Licogi Corporation JSC
LIG.HN,Licogi 13 JSC
LIX.HM,LIX Detergent JSC
LKW.HNO,Long Khanh Water Supply JSC
LLM.HNO,Vietnam Machinery Installation Corp JSC
LM3.HNO,Lilama 3 JSC
LM7.HN,Lilama 7 JSC
LM8.HM,Lilama 18 JSC
LMC.HNO,Latca Mineral JSC
LMH.HNO,Landmark Holding JSC
LMI.HNO,Idico Machinery Erection Construction Investment JSC
LNC.HNO,Leninh JSC
LO5.HNO,Lilama 5 JSC
LPB.HM,Lien Viet Post Joint Stock Commercial Bank
LPT.HNO,Lap Phuong Thanh Production and Trading JSC
LQN.HNO,Licogi Quang Ngai JSC
LSS.HM,Lam Son Sugar Joint Stock Corp
LTC.HNO,Low Current Telecom JSC
LTG.HNO,Loc Troi Group JSC
LUT.HN,Luong Tai Investment Construction JSC
LWS.HNO,Lao Cai Water Supply JSC
LYF.HNO,Luong Yen Food Co Ltd
M10.HNO,Garment 10 Corporation - JSC
MA1.HNO,Machinery JSC
MAC.HN,Marine Supply and Engineering Service JSC
MAS.HN,Danang Airport Services JSC
MBB.HM,Military Commercial Joint Stock Bank
MBG.HN,MBG Group JSC
MBN.HNO,Bac Ninh Urban Environment and Public Works JSC
MBS.HN,MB Securities JSC
MC3.HNO,Minerals N03 Vimico JSC
MCC.HN,High Grade Brick Tile Corp
MCF.HN,Mechanics Construction and Foodstuff JSC
MCG.HM,Viet Nam Mechanization Electrification and Construction JSC
MCH.HNO,Masan Consumer Corp
MCI.HNO,IDICO Material Development and Construction Investment JSC
MCM.HNO,Mocchau Dairy Cattle Breeding JSC
MCO.HN,BDC Viet Nam Construction and Investment JSC
MCP.HM,Mychau Printing and Packaging Corp
MCT.HNO,Material Trading and Construction JSC
MDA.HNO,Dong Anh Urban Environment JSC
MDC.HN,Vinacomin Mong Duong Coal JSC
MDF.HNO,MDF VRG Quang Tri Wood JSC
MDG.HM,Mien Dong JSC
MEC.HNO,Song Da Mechanical Assembling JSC
MED.HN,Mediplantex National Pharmaceutical JSC
MEF.HNO,Meinfa JSC
MEG.HNO,Megram JSC
MEL.HN,Me Lin Steel JSC
MES.HNO,Mechanical Engineering Service JSC
MFS.HNO,Mobifone Technical Services JSC
MGC.HNO,Vinacomin Mining Geology JSC
MGG.HNO,Duc Giang Corp
MH3.HNO,Binh Long Rubber Industrial Park Corp
MHC.HM,MHC JSC
MHL.HN,Minh Huu Lien JSC
MHP.HNO,Viet Tri Environment and Service JSC
MHY.HNO,Hung Yen Urban Environment and Public Works JSC
MIC.HNO,Quang Nam Mineral Industry Corp
MIE.HNO,Machines and Industrial Equipment Corp
MIG.HM,Military Insurance Corp
MIM.HN,Mineral and Mechanical JSC
MKP.HNO,Mekophar Chemical Pharmaceutical JSC
MKV.HN,Cai Lay Veterinary Pharmaceutical JSC
MLC.HNO,Laocai Urban Environment JSC
MLS.HNO,Mitraco Livestock JSC
MML.HNO,Masan Meatlife Corp
MNB.HNO,Nha Be Garment Corp JSC
MND.HNO,Nam Dinh Environment JSC
MPC.HNO,Minh Phu Seafood JSC
MPT.HNO,Truong Tien Group JSC
MPY.HNO,Phu Yen Town Environment JSC
MQB.HNO,Quang Binh Environment and Urban Development JSC
MQN.HNO,Quang Ngai Urban Environment JSC
MRF.HNO,Merufa JSC
MSB.HM,Vietnam Maritime Commercial Joint Stock Bank
MSH.HM,Song Hong Garment JSC
MSN.HM,Masan Group Corp
MSR.HNO,Masan High-Tech Materials Corp
MST.HN,MST Investment JSC
MTA.HNO,Hatinh Minerals and Trading Joint Stock Corp
MTB.HNO,Thai Binh Environment and Urban Projects JSC
MTC.HNO,My Tra Tourist JSC
MTG.HNO,MT Gas JSC
MTH.HNO,Ha Dong Environment Public Service JSC
MTL.HNO,Tu Liem Urban Environment Service JSC
MTM.HNO,Central Mining and Mineral Import Export JSC
MTP.HNO,Medipharco Pharmaceutical JSC
MTS.HNO,Vinacomin Materials Trading JSC
MTV.HNO,Vung Tau Environment Services and Urban Project JSC
MVB.HN,Vinacomin Viet Bac Mining Industry Holding Corp
MVC.HNO,Binh Duong Building Materials and Construction Corp
MVN.HNO,Vietnam Maritime Corp
MVY.HNO,Vinhyen Environment and Urban Services JSC
MWG.HM,Mobile World Investment Corp
MXC.HNO,Mua Xuan Agriculture Center
NAB.HNO,Nam A Commercial Joint Stock Bank
NAC.HNO,National of General Construction Consultants JSC
NAF.HM,Nafoods Group JSC
NAG.HN,Nagakawa Group JSC
NAP.HN,Nghe Tinh Port JSC
NAS.HNO,Noi Bai Airport Services JSC
NAU.HNO,Nghe An Urban Environment JSC
NAV.HM,Namviet JSC
NAW.HNO,Nghe An Water Supply JSC
NBB.HM,577 Investment Corp
NBC.HN,Vinacomin NuiBeo Coal JSC
NBE.HNO,North Books and Educational Equipment JSC
NBP.HN,NinhBinh Thermal Power JSC
NBR.HNO,Nghiabinh Rail Way JSC
NBT.HNO,Ben Tre Water Supply and Sewerage JSC
NBW.HN,Nha Be Water Supply JSC
NCP.HNO,TKV - Campha Thermal Power JSC
NCS.HNO,Noi Bai Catering Services JSC
NCT.HM,Noibai Cargo Terminal Services JSC
ND2.HNO,North Electrictiy Development and Investment JSC No2
NDC.HNO,Nam Duoc JSC
NDF.HNO,Nam Dinh Export Foodstuff and Agricultural Products Processing JSC
NDN.HN,Danang Housing Investment Development JSC
NDP.HNO,National Day Pharmaceutical JSC
NDT.HNO,Nam Dinh Textile Garment Joint Stock Corp
NDW.HNO,Nam Dinh Water Supply JSC
NDX.HN,Danang Housing Development JSC
NED.HNO,North-West Electric Investment and Development JSC
NET.HN,NET Detergent JSC
NFC.HN,Ninh Binh Phosphate Fertilizer JSC
NGC.HNO,Ngo Quyen Processing Export JSC
NHA.HM,Ha Noi South Housing and Urban Development Corp
NHC.HN,Nhi Hiep Brick Tile Co-Operation
NHH.HM,Hanoi Plastics JSC
NHP.HN,NHP Production Import Export JSC
NHT.HNO,Nam Hoa Trading & Production Corp
NHV.HNO,NHV Investment JSC
NKG.HM,Nam Kim Steel JSC
NLG.HM,Nam Long Investment Corp
NLS.HNO,Lang Son Water Supply and Drainage JSC
NMK.HNO,Civil Engineering Construction JSC No.510
NNB.HNO,Ninh Binh Clean Water JSC
NNC.HM,Nui Nho Stone JSC
NNG.HNO,Ngoc Nghia Industry Service Trading JSC
NNQ.HNO,Quang Nam Agricultural Varieties JSC
NNT.HNO,Ninh Thuan Water Supply JSC
NOS.HNO,Oriental Shipping and Trading JSC
NQB.HNO,Quang Binh Water Supply JSC
NQN.HNO,Quangninh Clean Water JSC
NQT.HNO,Quang Tri Clean Water JSC
NRC.HN,Danh Khoi Group JSC
NS2.HNO,Hanoi Water Supply Number 2 JSC
NS3.HNO,Ha Noi Water Manufacturing JSC No 3
NSC.HN,Vietnam National Seed Group JSC
NSG.HNO,Sai Gon Plastic JSC
NSH.HN,Song Hong Aluminum JSC
NSL.HNO,Son La Water Supply Joint-Stock Co
NSS.HNO,Dong Nai Agricultural Livestock Product JSC
NST.HN,Ngan Son JSC
NT2.HM,PetroVietnam Power Nhon Trach 2 JSC
NTB.HNO,Transport Engineering Construction and Business Investment JSC 584
NTC.HNO,Nam Tan Uyen Joint Stock Corp
NTF.HNO,Nghe An Pharmaceutical Medical Material and Equipment JSC
NTH.HN,Nuoc Trong Hydro Power JSC
NTL.HM,Tu Liem Urban Development JSC
NTP.HN,Tien Phong Plastic JSC
NTR.HNO,Nghe Tinh Railway JSC
NTT.HNO,Nha Trang Textile & Garment JSC
NTW.HNO,Nhon Trach Water Supply JSC
NUE.HNO,Nha Trang Urban Environmental JSC
NVB.HN,National Citizen Commercial Joint Stock Bank
NVL.HM,No Va Land Investment Group Corp
NVP.HNO,Vinhphuc Water Supply JSC
NVT.HM,Ninh Van Bay Travel Real Estate JSC
NWT.HNO,Newway Transport JSC
OCB.HM,Orient Commercial Joint Stock Bank
OCH.HN,OCH Hospitality & Service JSC
OGC.HM,Ocean Group JSC
OIL.HNO,Petrovietnam Oil Corp
ONE.HN,One Communication Technology Corp
ONW.HNO,One World Services JSC
OPC.HM,OPC Pharmaceutical JSC
ORS.HNO,Tien Phong Securities Corporation
PAC.HM,Dry Cell and Storage Battery JSC
PAI.HNO,Petroleum Information Technology Telecom and Automation JSC
PAN.HN,PAN Group JSC
PAS.HNO,Phuong Anh International JSC
PBC.HNO,Pharbaco Central Pharmaceutical No1 JSC
PBP.HN,Petrovietnam Packaging JSC
PBT.HNO,Petro Vietnam Building and Commercial JSC
PC1.HM,Power Construction JSC No 1
PCC.HNO,Petrolimex Construction 1 JSC Group
PCE.HN,Central Petrovietnam Fertilizer and Chemicals JSC
PCF.HNO,Petec Coffee JSC
PCG.HN,Petrovietnam Gas City Investment and Development JSC
PCM.HNO,Post and Telecommunications Construction Material JSC
PCN.HNO,DMC Northern Petrolium Chemicals JSC
PCT.HN,Viet Nam Gas and Chemicals Transportation Corp
PDB.HN,Din Capital Investment Group JSC
PDC.HN,Phuong Dong Petroleum Tourism JSC
PDN.HM,Dong Nai Port JSC
PDR.HM,Phat Dat Real Estate Development Corp
PDT.HNO,Dong Thap Petroleum Trading Import Export JSC
PDV.HNO,Phuong Dong Viet Transportation Oil JSC
PEC.HNO,Power Engineering JSC
PEG.HNO,Petec Trading and Investment Corp
PEN.HN,Petrolimex Installation No III JSC
PEQ.HNO,Petrolimex Equipment JSC
PET.HM,PetroVietnam General Services Corp
PFL.HNO,Petroleum Dong Do JSC
PGB.HNO,Petrolimex Group Commercial Joint Stock Bank
PGC.HM,Petrolimex Gas Corp JSC
PGD.HM,Petrovietnam Low Pressure Gas Distribution JSC
PGI.HM,Petrolimex Insurance Corp
PGN.HN,Plastic Additives JSC
PGS.HN,Southern Gas Trading JSC
PGT.HN,PGT Holdings JSC
PGV.HNO,Power Generation Joint Stock Corporation 3
PHC.HM,Phuc Hung Holdings Construction JSC
PHH.HNO,Hongha Vietnam JSC
PHN.HN,Hanoi Battery JSC
PHP.HN,Port of Hai Phong JSC
PHR.HM,Phuoc Hoa Rubber JSC
PHS.HNO,Phu Hung Securities Corp
PIA.HN,Petrolimex Information Technology and Telecommunication JSC
PIC.HN,PC3 Investment JSC
PID.HNO,Petroleum Interior Decoration JSC
PIS.HNO,Pisico Binh Dinh Corporation JSC
PIT.HM,Petrolimex International Trading JSC
PIV.HNO,PIV JSC
PJC.HN,Petrolimex Ha Noi Transportation and Trading JSC
PJS.HNO,Phu Hoa Tan Water Supply JSC
PJT.HM,Petrolimex Joint Stock Tanker Co
PKR.HNO,Phu Khanh Railway JSC
PLA.HNO,Petroleum Logistic Service and Investment JSC
PLC.HN,Petrolimex Petrochemical Corp JSC
PLE.HNO,Petrolimex Engineering JSC
PLO.HNO,Petec Logistics JSC
PLP.HM,Pha Le Plastics Manufacturing and Technology JSC
PLX.HM,Vietnam National Petroleum Group
PMB.HN,North PetroVietnam Fertilizer & Chemicals JSC
PMC.HN,Pharmedic Pharmaceutical Medicinal JSC
PME.HM,Pymepharco JSC
PMG.HM,Petro Center Corp
PMJ.HNO,Posts and Telecommunications Material Supply JSC
PMP.HN,Dam Phu My Packaging JSC
PMS.HN,Petroleum Mechanical JSC
PMT.HNO,Telvina Vietnam Communication JSC
PMW.HNO,Phu My Water Supply JSC
PNC.HM,Phuong Nam Cultural Joint Stock Corp
PND.HNO,Petrovietnam Oil Nam Dinh JSC
PNG.HNO,Phu Nhuan Trading JSC
PNJ.HM,Phu Nhuan Jewelry JSC
PNP.HNO,Phu Huu Newport Corp
PNT.HNO,Phu Nhuan Technical Construction JSC
POB.HNO,Petrovietnam Oil Thai Binh JSC
POM.HM,Pomina Steel Corp
POS.HNO,PTSC Offshore Services JSC
POT.HN,Post and Telecommunication Equipment JSC
POV.HNO,Vung Ang Petroleum JSC
POW.HM,Petrovietnam Power Corp
PPC.HM,Pha Lai Thermal Power JSC
PPE.HN,PetroVietnam Power Engineering Consulting JSC
PPH.HNO,Phong Phu Corp
PPI.HNO,Pacific Infrastructure Project Development and Investment Corp
PPP.HN,Phong Phu Pharmaceutical JSC
PPS.HN,PertroVietnam Power Services JSC
PPY.HN,PetroVietnam Oil Phu Yen JSC
PQN.HNO,PTSC Quang Ngai JSC
PRC.HN,Portserco Logistics JSC
PRE.HN,PVI Reinsurance Joint-Stock Corp
PRO.HNO,Procimex Vietnam JSC
PRT.HNO,Binh Duong Producing and Trading Corp
PSB.HNO,Sao Mai Ben Dinh Petroleum Investment JSC
PSC.HN,Petrolimex Saigon Transportation and Service JSC
PSD.HN,Petroleum General Distribution Services JSC
PSE.HN,South East PetroVietnam Fertilizer and Chemicals JSC
PSG.HNO,Sai Gon Petroleum Construction and Investment JSC
PSH.HM,Nam Song Hau Trading Investing Petroleum JSC
PSI.HN,Petrovienam Securities Inc
PSL.HNO,Phu Son Livestock JSC
PSN.HNO,PTSC Thanh Hoa Port JSC
PSP.HNO,Dinh Vu Petroleum Services Port JSC
PSW.HN,South West PetroVietnam Fertilizer and Chemicals JSC
PTB.HM,Phu Tai JSC
PTC.HM,Post and Telecommunications Investment and Construction JSC
PTD.HN,Phuc Thinh Design Construction Trading Corp
PTE.HNO,Phu Tho Cement JSC
PTG.HNO,Phan Thiet Garment Import Export JSC
PTH.HNO,Petrolimex Hatay Transportation and Service JSC
PTI.HN,Post & Telecommunication Joint Stock Insurance Corp
PTL.HM,Petro Capital and Infrastructure Investment JSC
PTO.HNO,Post and Telecommunication Services Construction Work JSC
PTP.HNO,Post Printing And Telecommunication Services JSC
PTS.HN,Petrolimex Haiphong Transportation and Services Join Stock Co
PTT.HNO,Indochina Petroleum Transportation JSC
PTV.HNO,Petroleum Trading JSC
PTX.HNO,Petrolimex Nghe Tinh Transportation and Service JSC
PV2.HN,PV2 Investment JSC
PVA.HNO,Petrovietnam-Nghe An Construction Joint Stock Corp
PVB.HN,Petrovietnam Coating JSC
PVC.HN,Petrovietnam Chemical and Services Corp
PVD.HM,PetroVietnam Drilling & Well Service Corp
PVE.HNO,Petrovietnam Engineering Consultancy JSC
PVG.HN,Petro Vietnam LPG JSC
PVH.HNO,Thanh Hoa Petroleum Construction JSC
PVI.HN,PVI Holdings
PVL.HN,Viet Property Investment JSC
PVM.HNO,Petrovietnam Machinery Technology JSC
PVO.HNO,PV Oil Lube JSC
PVP.HNO,Pacific Petroleum Transportation JSC
PVR.HNO,Ha Noi PVR Investment JSC
PVS.HN,Petrovietnam Technical Services Corp
PVT.HM,Petrovietnam Transportation Corp
PVV.HNO,Vinaconex 39 JSC
PVX.HNO,PetroVietnam Construction Joint Stock Corp
PVY.HNO,Petrovietnam Marine Shipyard JSC
PWA.HNO,Petrowaco Property JSC
PWS.HNO,Phu Yen Water Supply and Sewerage JSC
PX1.HNO,Cement JSC Song Lam 2
PXA.HNO,PetroVietnam Nghe An Investment & Trading JSC
PXC.HNO,Petrovietnam Urban Development JSC
PXI.HM,Petroleum Industrial And Civil Construction JSC
PXL.HNO,Long Son Petroleum Industrial Zone Investment JSC
PXM.HNO,Mien Trung Petroleum Construction JSC
PXS.HM,Petroleum Equipment Assembly and Metal Structure JSC
PXT.HNO,Petroleum Pipeline & Tank Construction JSC
PYU.HNO,Phucyen Urban Environment and Works JSC
QBR.HNO,Quang Binh Rail Way JSC
QBS.HN,Quang Binh Import and Export JSC
QCC.HNO,Construction Investment And Telecommunications Infrastructure Development JSC
QCG.HM,Quoc Cuong GiaLai JSC
QHD.HN,Viet Duc Welding Electrode JSC
QHW.HNO,Quang Ninh Mineral Water Corp
QLD.HNO,Lang Son Road Management and Construction JSC
QLT.HNO,Inland Waterway Management Maintenance No10 JSC
QNC.HNO,Quang Ninh Construction and Cement JSC
QNS.HNO,Quang Ngai Sugar JSC
QNT.HNO,Quang Nam Consulting and Investment Development JSC
QNU.HNO,Quang Nam Urban Environment JSC
QNW.HNO,Quang Ngai Water Supply Sewerage And Construction JSC
QPH.HNO,Que Phong Hydropower JSC
QSP.HNO,Quy Nhon New Port JSC
QST.HN,Quang Ninh Book and Educational Equipment JSC
QTC.HN,Quang Nam Construction Transportation JSC
QTP.HNO,Quang Ninh Thermal Power JSC
RAL.HM,Rang Dong Light Source and Vacuum Flask JSC
RAT.HNO,Railway Transport And Trade JSC
RBC.HNO,Rubber Industry and Import Export JSC
RCC.HNO,Railway Construction Corporation JSC
RCD.HNO,Rubber Real Estate Construction JSC
RCL.HN,Cho Lon Real Estate JSC
RDP.HM,Rang Dong Holding JSC
REE.HM,Refrigeration Electrical Engineering Corp
RGC.HNO,PV - Inconess Investment Corp
RHN.HNO,Haninh Railway JSC
RIC.HM,Royal International JSC
ROS.HM,FLC Faros Construction JSC
RTB.HNO,Tan Bien Rubber JSC
RTH.HNO,Thanh Hoa Railway JSC
RTS.HNO,Danang Railway Telecommunication-signalization JSC
S12.HNO,Song Da No12 JSC
S27.HNO,Song Da 27 JSC
S4A.HM,Sesan 4A Hydroelectric JSC
S55.HN,Song Da 505 JSC
S72.HNO,Song Da 702 Hydroelectric JSC
S74.HNO,Song Da 7.04 JSC
S96.HNO,Song Da No 9.06 JSC
S99.HN,SCI JSC
SAB.HM,Saigon Beer Alcohol Beverage Corp
SAC.HNO,Sai Gon Port Stevedoring And Service JSC
SAF.HN,Safoco Foodstuff JSC
SAL.HNO,Viet Nam Salvage JSC
SAM.HM,Sam Holdings Corp
SAP.HNO,Textbook Printing JSC in Ho Chi Minh City
SAS.HNO,Southern Airports Services JSC
SAV.HM,Savimex Corp
SB1.HNO,Saigon- Nghetinh Beer JSC
SBA.HM,Song Ba JSC
SBD.HNO,SaoBacDau Technologies Corp
SBH.HNO,Song Ba Ha Hydro Power JSC
SBL.HNO,Saigon-Baclieu Beer JSC
SBM.HNO,Bac Minh Development Investment JSC
SBR.HNO,Song Be Rubber JSC
SBS.HNO,Sacombank Securities JSC
SBT.HM,Thanh Thanh Cong - Bien Hoa JSC
SBV.HM,Siam Brothers Vietnam JSC
SC5.HM,Construction JSC No5
SCA.HNO,Song Con Agriculture JSC
SCC.HNO,SHB Trading Investment JSC
SCD.HM,Chuong Duong Beverages JSC
SCG.HNO,Scg Construction JSC
SCI.HN,SCI E&C JSC
SCJ.HNO,Saison Cement JSC
SCL.HNO,Song Da Cao Cuong JSC
SCO.HNO,Seaproducts Mechanical Shareholding JSC
SCR.HM,Sai Gon Thuong Tin Real Estate JSC
SCS.HM,Sai Gon Cargo Service Corp
SCV.HNO,Vietnam National Salt Co Ltd
SCY.HNO,Song Cam Shipbuilding JSC
SD1.HNO,Songda1 JSC
SD2.HN,Song Da 2 JSC
SD3.HNO,Song Da 3 JSC
SD4.HN,Song Da 4 JSC
SD5.HN,Song Da No5 JSC
SD6.HN,Song Da 6 JSC
SD7.HNO,Song Da 7 JSC
SD8.HNO,Song Da 8 JSC
SD9.HN,Song Da No 9 JSC
SDA.HN,Simco Songda JSC
SDB.HNO,Song Da 207 JSC
SDC.HN,Song Da Consulting JSC
SDD.HNO,Song Da Investment and Construction JSC
SDG.HN,Sadico CanTho Joint Stock Corp
SDH.HNO,Song Da Infrastructure Construction JSC
SDJ.HNO,Song Da No25 JSC
SDK.HNO,Mechanical Engineering Metallurgy JSC
SDN.HN,DongNai Paint Corp
SDP.HNO,SDP JSC
SDT.HN,Song Da No 10 JSC
SDU.HN,Song Da Urban Investment Construction and Development JSC
SDV.HNO,Sonadezi Services JSC
SDX.HNO,Song Da Investment Construction and Fire Prevention JSC
SDY.HNO,Song Da Yaly Cement JSC
SEA.HNO,Viet Nam Seaproducts Joint Stock Corp
SEB.HN,Mien Trung Power Investment and Development JSC
SED.HN,Phuong Nam Education Investment and Development JSC
SEP.HNO,Quangtri General Trading JSC
SFC.HM,Saigon Fuel JSC
SFG.HM,Southern Fertilizer JSC
SFI.HM,Sea & Air Freight International
SFN.HN,Saigon Fishing Net JSC
SGB.HNO,Saigon Bank for Industry and Trade
SGC.HN,Sa Giang Import Export Corp
SGD.HN,Educational Book JSC in Ho Chi Minh City
SGH.HN,Saigon Hotel Corp
SGN.HM,Sai Gon Ground Services JSC
SGO.HNO,Sai Gon Vegetable Oil JSC
SGP.HNO,Saigon Port JSC
SGR.HM,Saigon Real Estate JSC
SGS.HNO,Saigon Shipping JSC
SGT.HM,Saigon Telecommunication & Technologies Corp
SHA.HM,Son Ha Sai Gon JSC
SHB.HN,Sai Gon Ha Noi Commercial Joint Stock Bank
SHC.HNO,Saigon Maritime JSC
SHE.HN,Son Ha Development of Renewable Energy JSC
SHG.HNO,SongHong Joint Stock Corp
SHI.HM,SonHa International Corp
SHN.HN,Ha Noi Investment General Corp
SHP.HM,Southern Hydropower JSC
SHS.HN,Saigon Hanoi Securities JSC
SHX.HNO,Saigon Train JSC
SIC.HN,ANI Joint Stocks Co
SID.HNO,Saigon Co.op Investment Development JSC
SIG.HNO,SongDa Investment and Trading JSC
SII.HM,Sai Gon Water Infrastructure Corp
SIP.HNO,Sai Gon Vrg Investment Corp
SIV.HNO,Sivico JSC
SJ1.HN,Hung Hau Agricultural Corp
SJC.HN,Song Da 1.01 JSC
SJD.HM,Can Don Hydro Power JSC
SJE.HN,Song Da No 11 JSC
SJF.HM,Sunstar Investment JSC
SJG.HNO,Song Da Corporation JSC
SJM.HNO,Song Da 19 JSC
SJS.HM,Song Da Urban & Industrial Zone Investment and Development JSC
SKG.HM,Superdong Fast Ferry Kien Giang JSC
SKH.HNO,Khanh Hoa Sanest Soft Drink JSC
SKN.HNO,Sanna Khanh Hoa Beverage JSC
SKV.HNO,Khanh Hoa Salanganes Nest Soft Drink JSC
SLS.HN,Son La Sugar JSC
SMA.HM,Saigon Machinery Spare Parts JSC
SMB.HM,Sai Gon Mien Trung Beer JSC
SMC.HM,SMC Trading Investment JSC
SMN.HN,South Books and Educational Equipment JSC
SMT.HN,Sametel Corp
SNC.HNO,Nam Can Seaproducts Import Export JSC
SNZ.HNO,Sonadezi Corp
SON.HNO,International Manpower Supply and Trade JSC
SP2.HNO,Supan 2 Hydropower JSC
SPA.HNO,Sai Gon Packaging JSC
SPB.HNO,Phu Bai Spinning Mill JSC
SPC.HNO,Saigon Plant Protection JSC
SPD.HNO,Danang Seaproducts Import Export Corp
SPH.HNO,Hanoi Seaproducts Import Export Joint Stock Corp
SPI.HN,Spiral Galaxy JSC
SPM.HM,SPM Corp
SPP.HNO,Sai Gon Plastic Packaging JSC
SPV.HNO,Special Aquatic Products JSC
SQC.HNO,Sai Gon Quy Nhon Mining Corp
SRA.HN,Sara Vietnam JSC
SRB.HNO,Sara Group JSC
SRC.HM,Saovang Rubber JSC
SRF.HM,Seaprodex Refrigeration Industry Corp
SRT.HNO,Sai Gon Railway Transport JSC
SSB.HM,Southeast Asia Commercial Joint Stock Bank
SSC.HN,Southern Seed Corp
SSF.HNO,G Saigon Education JSC
SSG.HNO,Seagull Shipping Co
SSI.HM,SSI Securities Corp
SSM.HN,Steel Structure Manufacture JSC
SSN.HNO,Saigon Seaproducts Import Export JSC
SSU.HNO,Soc Son Urban Environment JSC
ST8.HM,Sieu Thanh Joint Stock Corp
STB.HM,Saigon Thuong Tin Commercial Joint Stock Bank
STC.HN,Book and Educational Equipment JSC
STG.HM,South Logistics JSC
STH.HNO,Thai Nguyen Book Publishing JSC
STK.HM,Century Synthetic Fiber Corp
STL.HNO,Song Da Thang Long JSC
STP.HN,Song Da Industry Trade JSC
STS.HNO,Saigon Transport Agency JSC
STT.HNO,Saigontourist Transport Corp
STU.HNO,SonTay Urban Construction and Environment JSC
STW.HNO,Soc Trang Water Supply JSC
SUM.HNO,Survey and Minerals JSC
SVC.HM,Saigon General Service Corp
SVD.HM,Vu Dang Investment & Trading JSC
SVG.HNO,Industrial Gas and Welding Electrode JSC
SVH.HNO,Song Vang Hydropower JSC
SVI.HM,Bien Hoa Packaging Co
SVL.HNO,Sovilaco International Manpower JSC
SVN.HN,Vexilla Viet Nam Group JSC
SVT.HM,Saigon Viendong Technology JSC
SWC.HNO,Southern Waterborne Transport Corp
SZB.HN,Sonadezi Long Binh Share Holding Co
SZC.HM,Sonadezi Chau Duc Shareholding Co
SZE.HNO,Sonadezi Environment JSC
SZL.HM,Sonadezi Long Thanh Shareholding Co
T12.HNO,Trang Thi Commercial Service JSC
TA3.HNO,386 Thanh An Construction and Investment JSC
TA6.HNO,Thanh An 665 Investment Installation and Construction JSC
TA9.HN,Thanh An 96 Installation and Construction JSC
TAC.HM,Tuongan Vegetable Oil JSC
TAG.HNO,Tran Anh Digital World JSC
TAN.HNO,Thuan An Coffee JSC
TAP.HNO,Tan An Public Services JSC
TAR.HN,Trung An Hi-Tech Farming JSC
TAW.HNO,Trung An Water Supply JSC
TB8.HNO,VVMI Manufacturing And Materials Equipment Trading JSC
TBC.HM,Thacba Hydro Power JSC
TBD.HNO,Dong Anh Electrical Equipment Corporation JSC
TBT.HNO,Bentre Transportation Works Construction JSC
TBX.HN,Thai Binh Cement JSC
TC6.HN,Vinacomin Coc Sau Coal JSC
TCB.HM,Vietnam Technological And Commercial Joint Stock Bank
TCD.HM,Transport and Industry Development Investment JSC
TCH.HM,Hoang Huy Investment Financial Services JSC
TCI.HNO,Thanh Cong Securities JSC
TCJ.HNO,Tochau JSC
TCK.HNO,Construction Machinery Corporation JSC
TCL.HM,Tan Cang Logistics and Stevedoring JSC
TCM.HM,Thanh Cong Textile Garment Investment Trading JSC
TCO.HM,Duyen Hai Multi Modal Transport JSC
TCR.HM,Taicera Enterprise Co
TCT.HM,Tay Ninh Cable Car Tour Co
TCW.HNO,Tan Cang Warehousing JSC
TDB.HNO,Dinh Binh Hydro Power JSC
TDC.HM,Binh Duong Trade and Development JSC
TDF.HNO,Trung Do JSC
TDG.HM,Thai Duong Petrol JSC
TDH.HM,Thu Duc Housing Development Corp
TDM.HM,Thu Dau Mot Water JSC
TDN.HN,Vinacomin Deo Nai Coal JSC
TDP.HM,Thuan Duc JSC
TDS.HNO,Vnsteel - Thu Duc Steel JSC
TDT.HN,TDT Investment and Development JSC
TDW.HM,Thu Duc Water Supply JSC
TEC.HNO,Traenco JSC
TEG.HM,Truong Thanh Energy and Real Estate JSC
TEL.HNO,Telecommunication Project Construction Development JSC
TET.HN,Northern Textiles And Garments JSC
TFC.HN,Trang Corp
TGG.HM,Truong Giang Investment and Construction JSC
TGP.HNO,Truong Phu JSC
TH1.HNO,Viet Nam National General Export Import JSC No1
THB.HN,Thanh Hoa Beer JSC
THD.HN,Thaiholdings JSC
THG.HM,Tien Giang Investment and Construction JSC
THI.HN,Electrical Equipment JSC
THN.HNO,Thanh Hoa Water Supply JSC
THP.HNO,Thuan Phuoc Seafoods and Trading Corp
THR.HNO,Thuan Hai Railway JSC
THS.HN,Song Da Thanh Hoa JSC
THT.HN,Vinacomin HaTu Coal JSC
THU.HNO,Thanh Hoa Urban Construction and Environment JSC
THW.HNO,Tan Hoa Water Supply JSC
TID.HNO,Tin Nghia Corp
TIE.HNO,Telecommunications Industry Electronics JSC
TIG.HN,Thang Long Investment Group JSC
TIP.HM,Tin Nghia Industrial Park Development JSC
TIS.HNO,Thai Nguyen Iron And Steel Joint Stock Corp
TIX.HM,Tan Binh Import Export Joint Stock Corp
TJC.HN,Transportation and Trading Services JSC
TKA.HNO,Tan Khanh An Packaging JSC
TKC.HN,Tan Ky Construction Real Estate Trading Corp
TKG.HNO,Tung Khanh Trading and Manufacturing JSC
TKU.HN,Tung Kuang Industrial JSC
TL4.HNO,Hydraulics Construction Corp No.4 JSC
TLD.HM,Thang Long Urban Development and Construction Investment JSC
TLG.HM,Thien Long Group Corp
TLH.HM,Tien Len Steel Corporation JSC
TLI.HNO,Thang Loi International Garment JSC
TLP.HNO,Thanh Le Corp
TLT.HNO,Viglacera Thanglong JSC
TMB.HN,Vinacomin Northern Coal Trading JSC
TMC.HN,Thu Duc Trading and Import Export JSC
TMG.HNO,Vimico Thai Nguyen Non Ferrous Metal JSC
TMP.HM,Thac Mo Hydropower JSC
TMS.HM,Transimex Corp
TMT.HM,Tmt Motors Corp
TMW.HNO,Tan Mai General Wood JSC
TMX.HN,Vicem Cement Trading JSC
TN1.HM,TNS Holdings JSC
TNA.HM,Thien Nam Trading Import Export JSC
TNB.HNO,VNSTEEL-Nha Be Steel JSC
TNC.HM,Thong Nhat Rubber JSC
TNG.HN,TNG Investment and Trading JSC
TNH.HM,Thai Nguyen International Hospital JSC
TNI.HM,Thanh Nam Group JSC
TNM.HNO,Transportation Import Export And Construction JSC
TNP.HNO,Thi Nai Port JSC
TNS.HNO,Thongnhat Flat Steel JSC
TNT.HM,TNT Group JSC
TNW.HNO,Thai Nguyen Water JSC
TOP.HNO,Top One Allot JSC
TOT.HNO,Transimex Transportation JSC
TOW.HNO,Tranoc Omon Water Supply JSC
TPB.HM,Tien Phong Commercial Joint Stock Bank
TPC.HM,Tan Dai Hung Plastic JSC
TPH.HN,Hanoi Textbook Printing JSC
TPP.HN,Tan Phu Viet Nam JSC
TPS.HNO,Sai Gon Transportation Parking JSC
TQN.HNO,Quang Ninh Pine JSC
TQW.HNO,Tuyen Quang Water Supply and Sewerage JSC
TR1.HNO,Traco Transport Joint Stock Corp No1
TRA.HM,Traphaco JSC
TRC.HM,Tay Ninh Rubber JSC
TRS.HNO,Tracimexco Supply Chains and Agency Services JSC
TRT.HNO,Redstarcera JSC
TS3.HNO,Truong Son 532 JSC
TS4.HM,Seafood JSC No 4
TS5.HNO,Truong Son 145 JSC
TSB.HN,Tiasang Battery JSC
TSC.HM,Techno-Agricultural Supplying JSC
TSD.HNO,Truongson Tourism JSC COECCO
TSG.HNO,Sai Gon Railway of Telecommunication Signalization JSC
TSJ.HNO,Ha Noi Tourist Service JSC
TST.HN,Telecommunication Technical Service JSC
TTA.HM,Truong Thanh Development and Construction Investment JSC
TTB.HM,Tien Bo Group JSC
TTC.HN,Thanh Thanh JSC
TTD.HNO,Tam Duc Cardiology Hospital JSC
TTE.HM,TRUONG THINH ENERGY INVESTMENT JSC
TTF.HM,Truong Thanh Furniture Corp
TTG.HNO,Thanh Tri Garment JSC
TTH.HN,Tien Thanh Service And Trading JSC
TTL.HN,Thang Long Joint Stock Corp
TTN.HNO,Viet Nam Technology & Telecommunication JSC
TTP.HNO,Tan Tien Plastic Packaging JSC
TTS.HNO,Thai Trung Rooling JSC
TTT.HN,Tay Ninh Tourist - Trading JSC
TTZ.HN,Tien Trung Investment Construction and Technology JSC
TUG.HNO,Haiphong Port Tugboat and Transport JSC
TV1.HNO,Power Engineering Consulting JSC 1
TV2.HM,Power Engineering Consulting JSC 2
TV3.HN,Power Engineering Consulting JSC 3
TV4.HN,Power Engineering Consulting JSC 4
TV6.HNO,Thinh Vuong Electric Construction Investment and Trading JSC
TVA.HNO,Viglacera Thanh Tri Sanitary JSC
TVB.HN,Tri Viet Securities JSC
TVC.HN,Tri Viet Asset Management Corporation JSC
TVD.HN,Vinacomin Vang Danh Coal JSC
TVG.HNO,Transport Investment and Construction Consultant JSC
TVH.HNO,Construction Consultation for Maritime Building JSC
TVM.HNO,Vinacomin Industry Investment Consulting JSC
TVN.HNO,Viet Nam Steel Corp
TVP.HNO,TV Pharm Pharmaceutical JSC
TVS.HM,Thien Viet Securities JSC
TVT.HM,Viet Thang Corp
TVU.HNO,Tra Vinh Urban Project JSC
TVW.HNO,Travinh Water Supply & Drainage JSC
TW3.HNO,Central Pharmaceutical JSC N.3
TXM.HN,VICEM Gypsum and Cement JSC
TYA.HM,Taya Vietnam Electric Wire and Cable JSC
UCT.HNO,Cantho Urban JSC
UDC.HM,Urban Development and Construction Corp
UDJ.HNO,Becamex Urban Development JSC
UDL.HNO,Dak Lak Urban and Environment JSC
UEM.HNO,Vinacomin Uong Bi Electric Mechanical JSC
UIC.HM,Idico Urban and House Development Investment Joint-Stock Co
UMC.HNO,Nam Dinh Urban Construction Management JSC
UNI.HN,Vien Lien JSC
UPC.HNO,Vung Tau Urban and Parks Development JSC
UPH.HNO,N0 25 Central Pharmaceutical JSC
USC.HNO,Union of Survey and Construction JSC
USD.HNO,Soc Trang Public Works JSC
V11.HNO,Viet Nam Construction JSC No11
V12.HN,Viet Nam Construction JSC No 12
V15.HNO,Vinaconex No15 JSC
V21.HN,Vinaconex 21 JSC
VAF.HM,Van Dien Fused Magnesium Phosphate Fertilizer JSC
VAT.HN,Van Xuan VT JSC
VAV.HNO,Viwaco JSC
VBB.HNO,Vietnam Thuong Tin Commercial Joint Stock Bank
VBC.HN,Vinh Plastic and Bags JSC
VBG.HNO,Vinacomin - Viet Bac Geology JSC
VBH.HNO,Viettronics Binh Hoa JSC
VC1.HN,Construction JSC N0 1
VC2.HN,Vina2 Investment and Construction JSC
VC3.HN,Nam Mekong Group JSC
VC5.HNO,Construction No5 JSC
VC6.HN,Visicons Construction and Investment JSC
VC7.HN,BGI Group JSC
VC9.HN,Construction JSC No 9
VCA.HM,Vnsteel Vicasa JSC
VCB.HM,Joint Stock Commercial Bank for Foreign Trade of Viet Nam
VCC.HN,Vinaconex 25 JSC
VCE.HNO,Construction Environment JSC
VCF.HM,Vinacafe Bien Hoa JSC
VCG.HM,Viet Nam Construction and Import Export Joint Stock Corp
VCI.HM,Viet Capital Securities JSC
VCM.HN,Vinaconex Trading And Manpower JSC
VCP.HNO,VCP Power & Construction JSC
VCR.HNO,Vinaconex Investment And Tourism Development JSC
VCS.HN,Vicostone JSC
VCT.HNO,Vinaconex's Construction Consultant JSC
VCW.HNO,Song Da Water Investment JSC
VCX.HNO,YenBinh Cement JSC
VDB.HNO,DONG BAC TRANSPORT AND PROCESSING OF COAL JSC
VDL.HN,Lamdong Foodstuffs JSC
VDM.HNO,Vietnam Textile Research Institute JSC
VDN.HNO,Vinatex DaNang JSC
VDP.HM,Vidipha Central Pharmaceutical JSC
VDS.HM,Viet Dragon Securities Corp
VDT.HNO,Binh Tay Steel Wire Netting JSC
VE1.HN,Vneco1 Electricity Construction JSC
VE2.HN,VNECO2 Electricity Construction JSC
VE3.HN,Vneco3 Electricity Construction JSC
VE4.HN,Vneco4 Electricity Construction JSC
VE8.HN,Vneco8 Electricity Construction JSC
VE9.HNO,Vneco9 Investment & Construction JSC
VEA.HNO,Vietnam Engine and Agricultural Machinery Corp
VEC.HNO,Vietnam Electronics and Informatics Joint Stock Corp
VEF.HNO,Vietnam Exhibition Fair Centre JSC
VES.HNO,Me Ca Vneco Investment And Electricity Construction JSC
VET.HNO,Navetco National Veterinary JSC
VFC.HNO,Vinafco Joint Stock Corp
VFG.HN,Viet Nam Fumigation JSC
VFR.HNO,Transport and Chartering Corp
VFS.HNO,Viet First Securities Corp
VGC.HM,Viglacera Corp JSC
VGG.HNO,Viet Tien Garment Corp
VGI.HNO,Viettel Global Investment JSC
VGL.HNO,Vingal-vnsteel Industries JSC
VGP.HN,Vegetexco Port JSC
VGR.HNO,VIP Greenport JSC
VGS.HN,Vietnam Germany Steel Pipe JSC
VGT.HNO,Vietnam National Textile And Garment Group
VGV.HNO,Vietnam National Construction Consultant Corporation JSC
VHC.HM,Vinh Hoan Corp
VHD.HNO,Vinahud Urban and Housing Development Investment JSC
VHE.HN,Viet Nam Herbs and Foods JSC
VHF.HNO,Vinh Ha Food Processing and Construction JSC
VHG.HNO,Viet Trung Nam Investment and Development JSC
VHH.HNO,Thanh Dat Investment House Tranding JSC
VHI.HNO,Vietha Investment and Trading JSC
VHL.HN,Viglacera Ha Long JSC
VHM.HM,Vinhomes JSC
VIB.HM,Viet Nam International Commercial Joint Stock Bank
VIC.HM,Vingroup JSC
VID.HM,Vien Dong Investment Development Trading Corp
VIE.HN,Vi Te Co Vietnam Telecommunications Technology JSC
VIF.HN,Viet Nam Forestry Corporation JSC
VIG.HN,Viet Nam Industrial & Commercial Securities Co
VIH.HNO,Viglacera Ha Noi JSC
VIM.HNO,Viglacera Mineral JSC
VIN.HNO,Vietnam Foreign Trade Forwarding and Warehousing JSC
VIP.HM,Viet Nam Petroleum Transport JSC
VIR.HNO,Vung Tau Intourco Resort JSC
VIS.HM,Viet Nam Italy Steel JSC
VIT.HN,Viglacera Tien Son JSC
VIW.HNO,Vietnam Water and Environment Investment Corporation JSC
VIX.HM,VIX Securities JSC
VJC.HM,Vietjet Aviation JSC
VKC.HN,Vinh Khanh Cable Plastic Corp
VKD.HNO,Khanh Hoa Mineral Water JSC
VKP.HNO,VikyPlastic JSC
VLA.HN,Van Lang Technology Development and Investment JSC
VLB.HNO,Bien Hoa Building Materials Production And Construction JSC
VLC.HNO,Vietnam Livestock Corporation JSC
VLF.HNO,Vinh Long Cereal and Food Corp
VLG.HNO,VIMC Logistics JSC
VLP.HNO,Vinh Long Public Works JSC
VLW.HNO,Vinh Long Water Supply JSC
VMA.HNO,Vinacomin Motor Industry JSC
VMC.HN,Vimeco JSC
VMD.HM,Vimedimex Medi Pharma JSC
VMG.HNO,Vung Tau Petroleum Trading and Services JSC
VMI.HN,Visaco Mineral and Investment JSC
VMS.HN,Vietnam Maritime Development JSC
VNA.HNO,Vinaship JSC
VNB.HNO,Viet Nam Books JSC
VNC.HN,Vinacontrol Group Corp
VND.HN,VNDIRECT Securities Corp
VNE.HM,Vietnam Electricity Construction Joint Stock Corp
VNF.HN,Vinafreight JSC
VNG.HM,Thanh Thanh Cong Tourist JSC
VNH.HNO,Viet Viet Nhat Investment Corp
VNI.HNO,Viet Nam Land Investment Corp
VNL.HM,Vinalink International Freight Forwarders
VNM.HM,Vietnam Dairy Products JSC
VNP.HNO,Vietnam Plastic Corp
VNR.HN,Vietnam National Reinsurance Corp
VNS.HM,Vietnam Sun Corp
VNT.HN,Van Cargoes and Foreign Trade Logistics JSC
VNX.HNO,Vinexad National Trade Fair and Advertising JSC
VNY.HNO,Viet Nam Veterinary Products JSC
VOC.HNO,Viet Nam Vegetable Oils Industry Corp
VOS.HM,Viet Nam Ocean Shipping JSC
VPA.HNO,VP Petrochemical Transport JSC
VPB.HM,Vietnam Prosperity Joint Stock Commercial Bank
VPC.HNO,Viet Nam Power Investment and Development JSC
VPD.HM,Viet Nam Power Development JSC
VPG.HM,Viet Phat Import Export Trading Investment JSC
VPH.HM,Van Phat Hung Corp
VPI.HM,Van Phu - Invest Investment JSC
VPR.HNO,Vinaprint Corp
VPS.HM,Vietnam Pesticide JSC
VPW.HNO,Vinhphuc No1 Water Supply and Drainage JSC
VQC.HNO,Vinacomin Quacontrol JSC
VRC.HM,Vrc Real Estate and Investment JSC
VRE.HM,Vincom Retail JSC
VRG.HNO,Viet Nam Rubber Industrial Zone and Urban Development JSC
VSA.HN,Viet Nam Ocean Shipping Agency Corp
VSC.HM,Vietnam Container Shipping JSC
VSE.HNO,Vietnam Expressway Services JSC
VSF.HNO,Vietnam Southern Food Corporation JSC
VSG.HNO,South Vietnam Container Shipping JSC
VSH.HM,Vinh Son Song Hinh Hydropower JSC
VSI.HM,Water Supply Sewerage Construction and Investment JSC
VSM.HN,Central Container JSC
VSN.HNO,Vissan JSC
VSP.HNO,Viet Hai Shipping and Real Properties Corp
VST.HNO,Viet Nam Sea Transport and Chartering JSC
VTA.HNO,Vitaly JSC
VTB.HM,Viettronics Tan Binh JSC
VTC.HN,VTC Telecommunications JSC
VTD.HNO,Vietourist Travel JSC
VTE.HNO,Vinacap Telecom Electronics JSC
VTG.HNO,Ba Ria Vung Tau Tourist JSC
VTH.HN,Viet Thai Electric Cable Corp
VTI.HNO,Textile Garment Import Export and Production Joint Stock Corp
VTJ.HN,Vi Na Ta Ba Trading & Investment JSC
VTK.HNO,VIETTEL CONSULTANT AND DESIGN JSC
VTL.HN,Thang Long Wine JSC
VTM.HNO,Vinacomin Transportation and Miner Commuting Service JSC
VTO.HM,Vietnam Tanker JSC
VTP.HNO,Viettel Post Joint Stock Corp
VTQ.HNO,Viet Trung Quang Binh JSC
VTR.HNO,Vietnam Travel and Marketing Transports Vietravel JSC
VTS.HNO,Tu Son Brick Tile JSC
VTV.HN,Vicem Energy and Environment JSC
VTX.HNO,Vietranstimex Multimodal Transport Holding Co
VVN.HNO,Vietnam Industrial Construction Corp
VW3.HNO,Viwaseen3 JSC
VWS.HNO,Vietnam Water Sanitation and Environment JSC
VXB.HN,Ben Tre Contruction Material JSC
VXP.HNO,Vetvaco National Veterinary JSC
VXT.HNO,Transport Warehousing and Trade Service JSC
WCS.HN,West Coach Station JSC
WSB.HNO,Saigon Beer Western JSC
WSS.HN,Wall Street Securities JSC
WTC.HNO,Vinacomin Waterway Transport JSC
X26.HNO,26 JSC
X77.HNO,Thanh An 77 JSC
XDH.HNO,Ha Noi Civil Construction Investment JSC
XHC.HNO,Xuan Hoa Viet Nam JSC
XLV.HNO,Song Da Construction and Service JSC
XMC.HNO,Xuan Mai Investment and Construction Corp
XMD.HNO,XuanMai DaoTu JSC
XPH.HNO,Hanoi Soap JSC
YBC.HNO,Yenbai Cement And Minerals JSC
YBM.HM,Yen Bai Industry Mineral JSC
YEG.HM,Yeah1 Group Corp
YRC.HNO,Yen Lao Rallway JSC
YTC.HNO,Ho Chi Minh City Medical Import Export JSC